name,url,selector,text
Eleiko XF Bumpers,https://www.strengthwear.us/collections/discs-1/products/eleiko-xf-bumper?variant=34802256396,#AddToCartText,Add to Cart
Vulcano Change Plate - 5 lb,https://www.strengthwear.us/collections/discs-1/products/eleiko-vulcano-change-plate?variant=35203710412,#AddToCartText,Add to Cart
Vulcano Change Plate - 2.5 lb,https://www.strengthwear.us/collections/discs-1/products/eleiko-vulcano-change-plate?variant=35203710348,#AddToCartText,Add to Cart
Lock Jaw Pro 2 Collar,https://www.strengthwear.us/collections/collars-1/products/lock-jaw-pro-2-collar,#AddToCartText,Add to Cart
Women's 15kg IWF Competition Bar,https://www.strengthwear.us/collections/bars-1/products/eleiko-iwf-weightlifting-br-competition-bar-nxg-15kg-women,#AddToCartText,Add to Cart
Eleiko Light Squat Stand,https://www.strengthwear.us/collections/racks/products/eleiko-squat-stand-1,#AddToCartText,Add to Cart
Eleiko XF Bumper 45lb,https://www.strengthwear.us/collections/discs-1/products/eleiko-xf-bumper?variant=34802256204,#AddToCartText,Add to Cart
Eleiko XF Bumper 25lb,https://www.strengthwear.us/collections/discs-1/products/eleiko-xf-bumper?variant=34802256012,#AddToCartText,Add to Cart
Eleiko XF Bumper 15lb,https://www.strengthwear.us/collections/discs-1/products/eleiko-xf-bumper?variant=34802255948,#AddToCartText,Add to Cart
